Allure	www.allure.com
Acne Paper	www.acnepaper.com
Amica	www.amica.de
Annabelle	www.annabelle.ch
Another Magazine	www.anothermag.com
Anthem	www.anthem-magazine.com
Arena Homme Plus	www.arenamagazine.co.uk
aRude	www.arudemag.com
Avenue	www.avenuemagazine.com
Bazaar	www.bazaar.ru
Beige Magazine	www.beigenet.com
Bibi	www.bibimagazine.com
Big	www.bigmagazine.com
The Blowup	www.theblowup.com
Bon	www.bonmagazine.com
Chiffon Magazine	www.chiffonmagazine.com
Citizen K	www.citizen-k.com
Clear	www.clearmag.com
Cliche Magazine	www.clichemag.com
Cosmopolitan	www.cosmopolitan.com
Cream	www.creammagazine.com
Daily Candy	www.dailycandy.com
Dansk (Denmark)	www.danskmagazine.com/
Dazed & Confused (UK)	www.confused.co.uk
Dilemmas Magazine	http://dilemmasmagazine.com
Disfunkshion	www.disfunkshionmagazine.com
DressLab	www.dresslab.com
Dutch	www.dutch.sqr.nl
Elle	www.elle.com
Elle Girl	www.ellegirl.com
Esquire	www.esquire.com
Exclusiv	www.exklusiv.pl
Existence	www.existencemag.pl
Fashion and Style Magazine	http://fsm.lv
FashionClick	www.fashionclick.com
Fashion Planet	www.fashion-planet.com
Fashion Tribes	www.fashiontribes.com/
Fashion Wire Daily	www.fashionwiredaily.com
Fire Magazine	http://firemagz.com/
Flare	www.flare.com
Flaunt	www.flaunt.com
Fly	www.insidefly.com/main.htm
Fragile	www.fragilemagazine.com/
French	www.frenchrevue.com
Freundin	www.freundin.de
Fruits	www.street-mg.com/xnew/
Girl on the Street	www.girlonthestreet.com
Gel Magazine	http://gelmagazine.com/
Glamour (Russia)	www.glamour.ru/
Glamour (UK)	www.glamourmagazine.co.uk
Glamour	www.glamour.com
Gloss Mag	www.glossmag.ca
Gothic Beauty	www.gothicbeauty.com
Grazia	www.graziadaily.co.uk
GQ (UK)	www.gq-magazine.co.uk
GQ	www.gq.com
Hercules	www.herculesmagazine.com
Harper's Bazaar	www.harpersbazaar.com
Hightlights Magazine	www.highlightsmag.com
Hint	www.hintmag.com
Hour Magazine (Detroit)	www.hourdetroit.com
i-D Magazine (UK)	www.i-dmagazine.com
Iconique	www.iconique.com
Illusions	www.illusionmagazine.co.uk
Image Magazine	www.imagefl.com
Imposter Magazine	www.impostormag.com
Into the Storm	www.intothestorm.com
Issue One	www.issue-one.com
Jalouse	www.jaloufashion.com
JC Report	www.jcreport.com
Key	http://keymagazine.ig.com.br
Kitten	www.kittenmagazine.com
Kult Magazine	www.kultmagazine.it
LaG Magazine	www.lagmagazine.com
LouLou	www.louloumagazine.com
Lu	www.lumag.com
Lucire	www.lucire.com
Lula	www.lulamag.com
Lumiere	www.lumiere.com
Lush Magazine	www.lushmag.com
Luscious	www.lusciousfm.com
Mallard Magazine	www.mallardmag.com
Marie Claire (France)	www.marieclaire.fr
Marie Claire (UK)	www.marieclaire.co.uk
Marie Claire	www.marieclaire.com
Material Girl	http://materialgirl-mag.com
MC Magazine	www.mcmag.co.uk
Men Style	http://men.style.com
MindFood	www.mindfood.com
Mirage	www.miragemag.com
Muse	www.magmuse.com
Noir Magazine	http://noirmagazine.co.uk
Numero	www.numero-magazine.com
Nylon	www.nylonmag.com
Oasis Magazine	www.osceolaoasis.com
Ocean Drive	www.oceandrive.com
Oyster	www.oystermag.com
Paper Magazine	www.papermag.com
Papier Doll	www.papierdoll.net/
Passerella Di Donna	www.inpasserella.com
Peluquerias aka Hairstyles	http://hair-factory.com
Petra	www.petra.de
Phamous 69	www.phamous69.com
Photo Paris Mode	www.photoparismode.com
Piana	www.pianamagazine.com
Plastique	www.plastiquemagazine.com
Pop	http://thepop.com
Prim	www.primmagazine.com
Purple	www.purple.fr
PushIt Magazine	http://pushitmagazine.com/
Qlix	www.qlixmag.com
Re-Magazine	www.re-magazine.com
Rebel Magazine	www.rebelmagazine.co.uk
S Publication	www.spublication.com
Se7en Magazine	www.se7enmag.com
Shei Magazine (Ann Arbor, MI)	www.sheimagazine.com
Sleek	www.sleek-mag.com/cms/
Smock	www.smockonline.com/
Sola Moda	www.solamoda.com
SOMA Magazine	www.somamagazine.com/
Sphere	www.spheremag.com/cover.php
Sportswear International (NY)	www.sportswearnet.com/magazine/pages/
Squint (Germany)	www.squintmagazine.com
Style	www.style.com/
Style Line (Detroit)	www.stylelinemag.com
Style Monte Carlo	www.stylemontecarlo.com
StyleSurface	www.surfacemag.com
Tank	www.tankmagazine.com
Teen Vogue	www.teenvogue.com
Ten By Ten	www.tenbyten.net
Tokion	www.tokion.com
Tush	www.tushmagazine.com
UCE Magazine	www.ucemag.com
V	www.vmagazine.com
Vegas	www.vegasmagazine.com
Verve	www.verveonline.com
Victim	www.victim-magazine.com
Vive La Suede	www.vivelasuede.com
Vogue (Australia)	www.vogue.com.au
Vogue (China)	www.vogue.com.cn
Vogue (France)	www.vogue.fr
Vogue (Germany)	www.vogue.de
Vogue (Italy)	www.vogue.it
Vogue (Japan)	www.vogue.co.jp
Vogue (Russia)	www.vogue.ru
Vogue (Spain)	www.vogue.es
Vogue (UK)	www.vogue.co.uk
Vogue	www.vogue.com
Volt	www.volt-mag.com
W	www.style.com/w
W25	www.w25mag.com
Wad Magazine	www.wadmag.com
Wig	www.wigmagazine.co.uk
Wound	http://woundmedia.com/
Women's Wear Daily	www.wwd.com
Wonderland	www.wonderlandmagazine.com
Zink	www.zinkmag.com
Zoo	www.zoomagazine.de
Zoot	www.zootmagazine.com
ZooZoom	www.zoozoom.com
9 Lines	www.9linesmag.com
10 Magazine	www.10magazine.com
5 Magazine	www.5-magazine.com
34	www.34magazine.com
180	http://180degreeimaging.com
125 Magazine	www.125magazine.com
Document    http://www.documentjournal.com/
W   https://www.wmagazine.com/
V   http://vmagazine.com/
Dazed   http://www.dazeddigital.com/